{"name":"default_Laetitia_20171116-103552","type":"Vector2","memId":"465a5eac-9729-4155-bd77-f886a72a8060","data":[{"timestamp":1513417582817,"newValue":{"x":48.8903724,"y":2.3601205},"col":null,"row":null},{"timestamp":1513417583030,"newValue":{"x":48.8903724,"y":2.3601205},"col":null,"row":null},{"timestamp":1513417587563,"newValue":{"x":48.8903724,"y":2.3601205},"col":null,"row":null},{"timestamp":1513417587641,"newValue":{"x":48.8903724,"y":2.3601205},"col":null,"row":null}]}