{"name":"default_AÏDA_20171116-100722","type":"Vector2","memId":"465a5eac-9729-4155-bd77-f886a72a8060","data":[{"timestamp":1513415867485,"newValue":{"x":48.889916382997505,"y":2.359891761399746},"col":null,"row":null},{"timestamp":1513415867491,"newValue":{"x":48.889916382997505,"y":2.359891761399746},"col":null,"row":null},{"timestamp":1513415872339,"newValue":{"x":48.889916382997505,"y":2.359891761399745},"col":null,"row":null},{"timestamp":1513415872478,"newValue":{"x":48.889916382997505,"y":2.359891761399745},"col":null,"row":null}]}